review_id,product_name,category,review_text,rating,review_date,helpful_votes
1,삼성 갤럭시 S24,스마트폰,화면이 정말 선명하고 배터리도 오래가요. AI 기능이 특히 마음에 듭니다. 카메라 성능도 뛰어나서 사진 찍기 좋아요.,5,2024-01-15,45
2,삼성 갤럭시 S24,스마트폰,가격 대비 성능이 좋습니다. 다만 발열이 조금 있어요. 게임할 때 뜨거워집니다.,4,2024-01-16,23
3,삼성 갤럭시 S24,스마트폰,디자인은 예쁜데 무게가 좀 무거워요. 한 손으로 사용하기 불편합니다.,3,2024-01-17,12
4,애플 아이폰 15,스마트폰,iOS 생태계가 편리해요. 다른 애플 기기와 연동이 잘 됩니다. 가격이 비싸지만 만족해요.,5,2024-01-18,67
5,애플 아이폰 15,스마트폰,배터리 수명이 짧아서 실망이에요. 하루도 못 버텨요. 충전기도 별도 구매해야 해서 불편합니다.,2,2024-01-19,89
6,LG 그램 17,노트북,가볍고 휴대성이 좋아요. 출장 다닐 때 편리합니다. 화면도 크고 선명해요.,5,2024-01-20,34
7,LG 그램 17,노트북,발열 관리가 아쉬워요. 오래 사용하면 뜨거워집니다. 팬 소음도 좀 있어요.,3,2024-01-21,28
8,LG 그램 17,노트북,가격이 너무 비싸요. 성능 대비 가성비가 떨어집니다. 차라리 맥북 살걸.,2,2024-01-22,56
9,소니 WH-1000XM5,이어폰/헤드폰,노이즈캔슬링 최고입니다! 지하철에서도 음악에 집중할 수 있어요. 음질도 훌륭해요.,5,2024-01-23,78
10,소니 WH-1000XM5,이어폰/헤드폰,무선 연결이 가끔 끊겨요. 블루투스 불안정합니다. AS 받아야 할 것 같아요.,2,2024-01-24,45
11,에어팟 프로 2,이어폰/헤드폰,애플 기기와 연동 완벽해요. 통화 품질도 좋고 착용감도 편해요.,4,2024-01-25,56
12,에어팟 프로 2,이어폰/헤드폰,가격 대비 음질이 그저 그래요. 비싼 값을 못 하는 것 같습니다.,3,2024-01-26,34
13,다이슨 V15,청소기,흡입력이 정말 강력해요! 먼지 하나 안 남기고 다 빨아들입니다. 무선이라 편해요.,5,2024-01-27,89
14,다이슨 V15,청소기,배터리 지속시간이 너무 짧아요. 청소 중간에 충전해야 합니다. 실망이에요.,2,2024-01-28,67
15,다이슨 V15,청소기,무게가 무거워서 한 손으로 들고 청소하기 힘들어요. 팔이 아파요.,3,2024-01-29,45
16,삼성 비스포크 냉장고,가전,디자인이 예쁘고 수납공간이 넉넉해요. 에너지 효율도 좋습니다.,5,2024-01-30,34
17,삼성 비스포크 냉장고,가전,얼음 기능이 자주 고장나요. AS 받았는데 또 문제 생겼습니다. 품질 관리 필요해요.,1,2024-01-31,112
18,삼성 비스포크 냉장고,가전,가격이 비싸지만 만족합니다. 인테리어에도 잘 어울려요.,4,2024-02-01,23
19,LG 올레드 TV,TV,화질이 정말 뛰어나요! 영화 볼 때 몰입감이 다릅니다. 색감 표현이 완벽해요.,5,2024-02-02,78
20,LG 올레드 TV,TV,번인 현상이 걱정돼요. 같은 화면 오래 틀면 자국 남을까봐 불안합니다.,3,2024-02-03,56
21,샤오미 로봇청소기,청소기,가성비 최고! 이 가격에 이 성능이라니 놀랍습니다. 앱 연동도 잘 돼요.,5,2024-02-04,67
22,샤오미 로봇청소기,청소기,매핑 기능이 가끔 오류나요. 같은 곳을 반복해서 청소합니다.,3,2024-02-05,34
23,삼성 갤럭시 버즈3,이어폰/헤드폰,통화 품질 좋고 착용감 편해요. 운동할 때 안 빠져서 좋습니다.,4,2024-02-06,45
24,삼성 갤럭시 버즈3,이어폰/헤드폰,케이스 마감이 별로예요. 플라스틱 느낌이 심합니다. 고급스럽지 않아요.,2,2024-02-07,23
25,애플 맥북 에어 M3,노트북,성능이 뛰어나고 발열도 없어요. 배터리도 하루 종일 갑니다!,5,2024-02-08,89
26,애플 맥북 에어 M3,노트북,윈도우 호환이 아쉬워요. 업무용 프로그램 중 안 되는 게 있습니다.,3,2024-02-09,56
27,애플 맥북 에어 M3,노트북,가격이 너무 비싸요. 같은 가격에 윈도우 노트북 더 좋은 거 살 수 있어요.,2,2024-02-10,78
28,삼성 갤럭시 탭 S9,태블릿,화면이 크고 선명해요. 필기감도 좋아서 노트 필기에 최고입니다.,5,2024-02-11,45
29,삼성 갤럭시 탭 S9,태블릿,무게가 무거워요. 오래 들고 있으면 팔이 아픕니다.,3,2024-02-12,23
30,아이패드 프로 M4,태블릿,그래픽 작업에 최고예요. 반응 속도가 빠르고 화면 품질이 뛰어납니다.,5,2024-02-13,67
31,아이패드 프로 M4,태블릿,가격이 노트북 수준이에요. 너무 비쌉니다. 학생은 구매하기 어렵네요.,2,2024-02-14,89
32,보스 QC45,이어폰/헤드폰,착용감이 편하고 노이즈캔슬링도 좋아요. 장시간 사용해도 귀 안 아파요.,5,2024-02-15,56
33,보스 QC45,이어폰/헤드폰,앱 연동이 불안정해요. 자꾸 끊기고 설정 초기화됩니다.,2,2024-02-16,34
34,닌텐도 스위치 OLED,게임기,화면이 선명하고 게임 퀄리티가 좋아요. 가족끼리 즐기기 좋습니다.,5,2024-02-17,78
35,닌텐도 스위치 OLED,게임기,조이콘 드리프트 문제 아직도 있어요. 고장 나서 AS 받았습니다.,2,2024-02-18,67
36,플레이스테이션 5,게임기,로딩 속도가 엄청 빨라요! 그래픽도 최고입니다. 게이머 필수템!,5,2024-02-19,89
37,플레이스테이션 5,게임기,구하기 너무 어려웠어요. 재고 없어서 웃돈 주고 샀습니다.,3,2024-02-20,45
38,삼성 갤럭시 워치 6,스마트워치,건강 관리 기능이 다양해요. 수면 추적이 정확하고 유용합니다.,4,2024-02-21,56
39,삼성 갤럭시 워치 6,스마트워치,배터리가 하루밖에 안 가요. 매일 충전해야 해서 번거롭습니다.,2,2024-02-22,78
40,애플 워치 시리즈 9,스마트워치,운동 추적이 정확하고 앱 생태계가 풍부해요. 아이폰과 연동 최고!,5,2024-02-23,67
41,애플 워치 시리즈 9,스마트워치,안드로이드 폰이랑 안 맞아요. 아이폰 없으면 기능 제한됩니다.,2,2024-02-24,45
42,샤오미 공기청정기,가전,조용하고 성능 좋아요. 가성비 최고입니다. 앱으로 원격 제어도 됩니다.,5,2024-02-25,56
43,샤오미 공기청정기,가전,필터 교체 비용이 생각보다 비싸요. 유지비가 만만치 않습니다.,3,2024-02-26,34
44,다이슨 에어랩,뷰티가전,머리 손상 없이 스타일링 가능해요! 열 없이 컬이 예쁘게 나와요.,5,2024-02-27,89
45,다이슨 에어랩,뷰티가전,가격이 너무 비싸요. 일반 고데기로도 충분할 것 같아요.,2,2024-02-28,67
46,필립스 전동칫솔,뷰티가전,칫솔질이 편하고 깨끗해져요. 배터리도 오래가고 충전 편해요.,4,2024-02-29,45
47,필립스 전동칫솔,뷰티가전,진동이 너무 강해요. 잇몸이 약한 사람은 주의해야 할 것 같아요.,3,2024-03-01,23
48,삼성 T7 SSD,저장장치,전송 속도가 엄청 빨라요! 영상 편집할 때 시간 단축됩니다.,5,2024-03-02,56
49,삼성 T7 SSD,저장장치,발열이 좀 있어요. 오래 사용하면 뜨거워집니다.,3,2024-03-03,34
50,샌디스크 USB,저장장치,가격 저렴하고 용량 충분해요. 기본적인 용도로 충분합니다.,4,2024-03-04,23
51,로지텍 MX Master 3,마우스/키보드,그립감이 좋고 버튼 커스터마이징이 편해요. 업무 효율이 올라갔어요.,5,2024-03-05,67
52,로지텍 MX Master 3,마우스/키보드,가격이 비싸요. 마우스치고 너무 비쌉니다.,3,2024-03-06,45
53,레오폴드 키보드,마우스/키보드,타건감이 최고예요! 키압이 적당하고 소리도 좋습니다.,5,2024-03-07,78
54,레오폴드 키보드,마우스/키보드,무접점이라 익숙해지는데 시간 걸려요. 처음에 오타 많이 나요.,3,2024-03-08,34
55,삼성 오디세이 G9,모니터,곡면 화면이 몰입감 있어요. 게임할 때 시야 넓어서 좋습니다.,5,2024-03-09,89
56,삼성 오디세이 G9,모니터,책상이 좁으면 설치 어려워요. 공간 많이 차지합니다.,3,2024-03-10,56
57,LG 27인치 모니터,모니터,가성비 좋은 모니터예요. 기본 업무용으로 충분합니다.,4,2024-03-11,34
58,LG 27인치 모니터,모니터,스탠드가 약해요. 조금만 건드려도 흔들립니다.,2,2024-03-12,23
59,캐논 EOS R6,카메라,AF 성능이 뛰어나요! 눈 추적이 정확해서 인물 사진에 최고입니다.,5,2024-03-13,78
60,캐논 EOS R6,카메라,배터리 소모가 빨라요. 여분 배터리 필수입니다.,3,2024-03-14,56
61,소니 A7 IV,카메라,영상 촬영에 최고예요. 4K 60fps 지원하고 화질 뛰어나요.,5,2024-03-15,89
62,소니 A7 IV,카메라,메뉴가 복잡해요. 초보자가 사용하기 어렵습니다.,3,2024-03-16,45
63,고프로 히어로 12,카메라,액션캠 중 최고! 손떨림 보정이 뛰어나고 화질도 좋아요.,5,2024-03-17,67
64,고프로 히어로 12,카메라,발열이 심해요. 오래 촬영하면 꺼집니다.,2,2024-03-18,56
65,DJI 미니 4 프로,드론,입문용으로 최고예요. 조작 쉽고 화질 좋습니다.,5,2024-03-19,78
66,DJI 미니 4 프로,드론,바람 불면 흔들려요. 바람 센 날은 비행 어렵습니다.,3,2024-03-20,45
67,삼성 갤럭시 S24,스마트폰,업데이트 후 버그가 많아요. 앱이 자꾸 튕깁니다. 빨리 고쳐주세요.,1,2024-03-21,134
68,삼성 갤럭시 S24,스마트폰,통화 품질이 깨끗해요. 소음 제거 기능이 좋습니다.,4,2024-03-22,34
69,애플 아이폰 15,스마트폰,USB-C 드디어 적용되서 편해요. 충전기 통일할 수 있어요.,4,2024-03-23,56
70,애플 아이폰 15,스마트폰,발열 문제 있어요. 게임하면 뜨거워지고 성능 저하됩니다.,2,2024-03-24,78
71,LG 그램 17,노트북,AS가 좋아요. 문제 생겼을 때 빠르게 처리해줬습니다.,4,2024-03-25,45
72,LG 그램 17,노트북,키보드 키감이 아쉬워요. 타건감이 뻑뻑합니다.,3,2024-03-26,23
73,소니 WH-1000XM5,이어폰/헤드폰,통화할 때 목소리가 잘 들린다고 해요. 마이크 성능 좋습니다.,4,2024-03-27,56
74,소니 WH-1000XM5,이어폰/헤드폰,접이식이 안 돼서 휴대가 불편해요. 케이스가 커요.,3,2024-03-28,34
75,에어팟 프로 2,이어폰/헤드폰,투명 모드가 자연스러워요. 대화할 때 빼지 않아도 됩니다.,5,2024-03-29,67
76,에어팟 프로 2,이어폰/헤드폰,이어팁이 잘 빠져요. 운동할 때 떨어질까봐 불안해요.,2,2024-03-30,45
77,다이슨 V15,청소기,먼지 감지 기능이 신기해요. 레이저로 먼지 보여서 청소가 재밌어요.,5,2024-03-31,78
78,다이슨 V15,청소기,AS 비용이 비싸요. 부품 교체하는데 많이 들었어요.,2,2024-04-01,89
79,삼성 비스포크 냉장고,가전,소음이 거의 없어요. 밤에도 조용해서 좋습니다.,4,2024-04-02,34
80,삼성 비스포크 냉장고,가전,도어 닫힘이 약해요. 잘 안 닫힐 때가 있어요.,3,2024-04-03,23
81,LG 올레드 TV,TV,게임 모드가 좋아요. 입력 지연이 적어서 게임하기 좋습니다.,5,2024-04-04,67
82,LG 올레드 TV,TV,리모컨 버튼이 작아요. 노인분들 사용하기 불편할 수 있어요.,3,2024-04-05,45
83,샤오미 로봇청소기,청소기,물걸레 기능도 좋아요. 바닥이 깨끗해집니다.,4,2024-04-06,56
84,샤오미 로봇청소기,청소기,AS가 아쉬워요. 한국 서비스 센터가 부족합니다.,2,2024-04-07,78
85,삼성 갤럭시 버즈3,이어폰/헤드폰,노이즈캔슬링이 생각보다 약해요. 소음 차단이 아쉽습니다.,3,2024-04-08,34
86,삼성 갤럭시 버즈3,이어폰/헤드폰,삼성폰과 연결이 빠르고 안정적이에요.,4,2024-04-09,45
87,애플 맥북 에어 M3,노트북,디자인이 예쁘고 얇아요. 가방에 넣기 편합니다.,5,2024-04-10,56
88,애플 맥북 에어 M3,노트북,포트가 부족해요. 허브 별도로 사야 합니다.,3,2024-04-11,67
89,삼성 갤럭시 탭 S9,태블릿,S펜 반응이 좋아요. 그림 그리기에 최고입니다.,5,2024-04-12,78
90,삼성 갤럭시 탭 S9,태블릿,가격이 계속 올라요. 신제품 나올때마다 비싸집니다.,2,2024-04-13,45
91,아이패드 프로 M4,태블릿,앱 품질이 좋아요. 전문가용 앱도 많고 최적화 잘 되어 있어요.,5,2024-04-14,67
92,아이패드 프로 M4,태블릿,애플 펜슬 별도 구매해야 해서 돈 더 들어요.,3,2024-04-15,56
93,보스 QC45,이어폰/헤드폰,비행기에서 사용하기 좋아요. 기내 소음 완벽 차단!,5,2024-04-16,89
94,보스 QC45,이어폰/헤드폰,케이스가 너무 커요. 휴대하기 불편합니다.,3,2024-04-17,34
95,닌텐도 스위치 OLED,게임기,휴대 모드로 어디서나 게임 가능해서 좋아요.,5,2024-04-18,56
96,닌텐도 스위치 OLED,게임기,타사 대비 성능이 약해요. 그래픽이 떨어집니다.,2,2024-04-19,67
97,플레이스테이션 5,게임기,독점 게임이 많아서 좋아요. 타이틀 퀄리티가 높습니다.,5,2024-04-20,78
98,플레이스테이션 5,게임기,팬 소음이 커요. 게임할 때 윙윙거립니다.,3,2024-04-21,45
99,삼성 갤럭시 워치 6,스마트워치,운동 추적이 정확해요. GPS도 잘 잡힙니다.,4,2024-04-22,56
100,삼성 갤럭시 워치 6,스마트워치,앱 설치 공간이 부족해요. 저장 용량이 작습니다.,2,2024-04-23,34
101,애플 워치 시리즈 9,스마트워치,심박수 측정이 정확해요. 건강 관리에 도움됩니다.,5,2024-04-24,67
102,애플 워치 시리즈 9,스마트워치,화면이 작아요. 시력 안 좋으면 보기 힘들어요.,3,2024-04-25,45
103,샤오미 공기청정기,가전,PM2.5 수치 확인 가능해서 좋아요. 공기질 모니터링!,4,2024-04-26,56
104,샤오미 공기청정기,가전,설명서가 중국어라 이해하기 어려웠어요.,2,2024-04-27,34
105,다이슨 에어랩,뷰티가전,선물로 받았는데 너무 좋아요! 머릿결이 좋아졌어요.,5,2024-04-28,78
106,다이슨 에어랩,뷰티가전,사용법이 어려워요. 익숙해지는데 시간 걸립니다.,3,2024-04-29,45
107,필립스 전동칫솔,뷰티가전,치과에서도 추천해줬어요. 치석 제거에 좋습니다.,5,2024-04-30,56
108,필립스 전동칫솔,뷰티가전,헤드 교체 비용이 비싸요. 정품 쓰려면 돈 많이 들어요.,3,2024-05-01,34
109,삼성 T7 SSD,저장장치,디자인이 예쁘고 작아요. 주머니에도 들어갑니다.,4,2024-05-02,45
110,삼성 T7 SSD,저장장치,가격이 조금 비싸요. 다른 브랜드보다 비쌉니다.,3,2024-05-03,23
111,샌디스크 USB,저장장치,인식 속도가 빨라요. 바로 연결됩니다.,4,2024-05-04,34
112,샌디스크 USB,저장장치,캡이 자꾸 잃어버려요. 일체형이면 좋겠어요.,2,2024-05-05,23
113,로지텍 MX Master 3,마우스/키보드,멀티 디바이스 연결이 편해요. 3대까지 전환 가능!,5,2024-05-06,56
114,로지텍 MX Master 3,마우스/키보드,손이 작은 사람에겐 클 수 있어요. 그립이 안 맞아요.,3,2024-05-07,34
115,레오폴드 키보드,마우스/키보드,내구성이 뛰어나요. 몇 년째 고장 없이 쓰고 있어요.,5,2024-05-08,67
116,레오폴드 키보드,마우스/키보드,LED 조명이 없어요. 어두운 곳에서 타이핑 어렵습니다.,3,2024-05-09,45
117,삼성 오디세이 G9,모니터,49인치 생산성 최고예요. 창 여러개 띄워서 작업하기 좋아요.,5,2024-05-10,78
118,삼성 오디세이 G9,모니터,전력 소모가 커요. 전기세 많이 나옵니다.,3,2024-05-11,56
119,LG 27인치 모니터,모니터,눈 보호 기능이 좋아요. 오래 봐도 피로하지 않아요.,4,2024-05-12,45
120,LG 27인치 모니터,모니터,베젤이 두꺼워요. 멀티 모니터 설치시 거슬려요.,2,2024-05-13,34
121,캐논 EOS R6,카메라,저조도 촬영 성능이 뛰어나요! 밤에도 깨끗하게 찍혀요.,5,2024-05-14,67
122,캐논 EOS R6,카메라,동영상 촬영시 오버히팅 있어요. 장시간 촬영 어렵습니다.,2,2024-05-15,56
123,소니 A7 IV,카메라,가격 대비 성능이 뛰어나요. 풀프레임 입문용 추천!,5,2024-05-16,78
124,소니 A7 IV,카메라,렌즈가 비싸요. 바디보다 렌즈에 돈 더 들어갑니다.,3,2024-05-17,45
125,고프로 히어로 12,카메라,방수 기능 최고예요! 수영장에서도 촬영 가능해요.,5,2024-05-18,56
126,고프로 히어로 12,카메라,야간 촬영 화질이 떨어져요. 어두운 곳에서는 노이즈가 심해요.,2,2024-05-19,34
127,DJI 미니 4 프로,드론,법적 규제 내에서 사용 가능해서 좋아요. 250g 이하!,5,2024-05-20,67
128,DJI 미니 4 프로,드론,배터리 추가 구매해야 충분히 즐길 수 있어요. 비용 추가됩니다.,3,2024-05-21,45
129,삼성 갤럭시 S24 울트라,스마트폰,S펜 내장이라 노트처럼 쓸 수 있어요. 업무용으로 최고!,5,2024-05-22,89
130,삼성 갤럭시 S24 울트라,스마트폰,크기가 너무 커요. 한 손 사용 불가능합니다.,3,2024-05-23,56
131,애플 맥 스튜디오,데스크탑,전문가용 작업에 최고예요. 영상 편집 3D 렌더링 빠릅니다.,5,2024-05-24,78
132,애플 맥 스튜디오,데스크탑,가격이 너무 비싸요. 취미로 쓰기엔 과합니다.,2,2024-05-25,67
133,인텔 NUC,데스크탑,작은 사이즈에 성능 좋아요. 공간 절약됩니다.,4,2024-05-26,45
134,인텔 NUC,데스크탑,확장성이 부족해요. 업그레이드 어렵습니다.,3,2024-05-27,34
135,레노버 씽크패드,노트북,비즈니스용으로 최고예요. 튼튼하고 내구성 좋아요.,5,2024-05-28,56
136,레노버 씽크패드,노트북,디자인이 구식이에요. 예쁘지 않습니다.,2,2024-05-29,34
137,에이수스 ROG,노트북,게이밍 성능 최고예요! 고사양 게임도 잘 돌아갑니다.,5,2024-05-30,78
138,에이수스 ROG,노트북,무게가 너무 무거워요. 휴대용이라 하기 어렵습니다.,2,2024-05-31,56
139,MSI 게이밍 노트북,노트북,쿨링 시스템이 좋아요. 발열 관리 잘 됩니다.,4,2024-06-01,45
140,MSI 게이밍 노트북,노트북,팬 소음이 심해요. 게임할 때 시끄럽습니다.,3,2024-06-02,34
141,델 XPS 15,노트북,디스플레이가 정말 좋아요. 색감 표현이 뛰어나요.,5,2024-06-03,67
142,델 XPS 15,노트북,키보드 배열이 익숙하지 않아요. 적응 필요합니다.,3,2024-06-04,45
143,HP 스펙터,노트북,디자인이 고급스러워요. 미팅에 들고 가면 멋져보여요.,5,2024-06-05,56
144,HP 스펙터,노트북,AS 센터가 적어요. 수리 받기 불편합니다.,2,2024-06-06,34
145,삼성 갤럭시 북3,노트북,삼성 기기와 연동이 좋아요. 덱스 기능 편리합니다.,4,2024-06-07,45
146,삼성 갤럭시 북3,노트북,가격 대비 스펙이 아쉬워요. 경쟁사보다 성능 낮아요.,2,2024-06-08,56
147,구글 픽셀 8,스마트폰,카메라 후처리가 최고예요! AI 보정이 자연스럽습니다.,5,2024-06-09,78
148,구글 픽셀 8,스마트폰,국내 AS가 어려워요. 직구라서 불안합니다.,2,2024-06-10,56
149,샤오미 14 울트라,스마트폰,라이카 카메라 대박이에요! 사진 퀄리티가 달라요.,5,2024-06-11,67
150,샤오미 14 울트라,스마트폰,MIUI 광고가 많아요. 거슬립니다.,2,2024-06-12,45
151,원플러스 12,스마트폰,가성비 플래그십! 스펙 대비 가격이 저렴해요.,5,2024-06-13,56
152,원플러스 12,스마트폰,방수 등급이 낮아요. 물에 조심해야 해요.,3,2024-06-14,34
153,오포 파인드 X7,스마트폰,충전 속도가 엄청 빨라요! 30분에 완충됩니다.,5,2024-06-15,67
154,오포 파인드 X7,스마트폰,국내 정발 안 돼서 아쉬워요. 직구해야 합니다.,2,2024-06-16,45
155,비보 X100 프로,스마트폰,야간 촬영 성능이 뛰어나요. 밤에도 밝게 찍혀요.,5,2024-06-17,56
156,비보 X100 프로,스마트폰,무게가 무거워요. 오래 들고 있으면 손목 아파요.,3,2024-06-18,34
157,삼성 갤럭시 Z 폴드5,스마트폰,폴더블 기술이 놀라워요! 태블릿처럼 쓸 수 있어요.,5,2024-06-19,89
158,삼성 갤럭시 Z 폴드5,스마트폰,주름이 신경 쓰여요. 화면 가운데 자국 있어요.,3,2024-06-20,67
159,삼성 갤럭시 Z 플립5,스마트폰,디자인이 예뻐요! 커버 화면이 커져서 편해요.,5,2024-06-21,78
160,삼성 갤럭시 Z 플립5,스마트폰,배터리가 빨리 닳아요. 하루 버티기 빠듯합니다.,2,2024-06-22,56
161,모토로라 레이저,스마트폰,가격 대비 폴더블 경험 좋아요. 입문용으로 추천!,4,2024-06-23,45
162,모토로라 레이저,스마트폰,업데이트 지원이 부족해요. 안드로이드 버전 올라가길..,2,2024-06-24,34
163,화웨이 메이트 X5,스마트폰,빌드 퀄리티가 좋아요. 고급스러운 마감이에요.,5,2024-06-25,56
164,화웨이 메이트 X5,스마트폰,구글 서비스 안 돼요. 앱 설치 불편합니다.,1,2024-06-26,78
165,아이폰 15 프로 맥스,스마트폰,액션 버튼 편리해요! 원하는 기능 바로 실행 가능해요.,5,2024-06-27,89
166,아이폰 15 프로 맥스,스마트폰,티타늄 프레임이 긁혀요. 케이스 필수입니다.,3,2024-06-28,67
167,삼성 갤럭시 S24,스마트폰,통역 기능이 신기해요! 외국인과 대화할 때 유용합니다.,5,2024-06-29,78
168,삼성 갤럭시 S24,스마트폰,AI 기능 때문에 가격 오른 것 같아요. 필요없는 사람도 있는데..,3,2024-06-30,45
169,애플 아이폰 15,스마트폰,다이나믹 아일랜드 재밌어요. 알림 확인하기 좋아요.,4,2024-07-01,56
170,애플 아이폰 15,스마트폰,충전 속도가 느려요. 급속 충전기 별도 구매해야 해요.,2,2024-07-02,34
171,LG 그램 17,노트북,17인치인데 이렇게 가벼울 수 있다니! 놀랍습니다.,5,2024-07-03,67
172,LG 그램 17,노트북,그래픽 성능은 아쉬워요. 게임은 어렵습니다.,3,2024-07-04,45
173,소니 WH-1000XM5,이어폰/헤드폰,멀티포인트 연결 편해요. 두 기기 동시 연결 가능!,5,2024-07-05,56
174,소니 WH-1000XM5,이어폰/헤드폰,가격이 올랐어요. 전작보다 비싸졌습니다.,3,2024-07-06,34
175,에어팟 맥스,이어폰/헤드폰,음질이 정말 좋아요! 고음질 음악 듣기에 최고입니다.,5,2024-07-07,78
176,에어팟 맥스,이어폰/헤드폰,무게가 무거워요. 오래 쓰면 머리 아파요.,3,2024-07-08,56
177,젠하이저 모멘텀 4,이어폰/헤드폰,청음이 정말 좋아요. 오디오파일 추천합니다!,5,2024-07-09,67
178,젠하이저 모멘텀 4,이어폰/헤드폰,앱이 불편해요. UI가 직관적이지 않습니다.,3,2024-07-10,45
179,다이슨 V15,청소기,HEPA 필터로 알레르기 환자에게 좋아요.,5,2024-07-11,56
180,다이슨 V15,청소기,가격이 부담돼요. 일반 청소기보다 훨씬 비싸요.,2,2024-07-12,78
181,로보락 S8 프로,청소기,모든 기능이 다 있어요. 흡입+물걸레+자동비움!,5,2024-07-13,67
182,로보락 S8 프로,청소기,러그에서 막혀요. 두꺼운 카펫은 힘들어합니다.,2,2024-07-14,45
183,에코백스 디봇,청소기,가성비 좋아요. 기본 기능 충실합니다.,4,2024-07-15,34
184,에코백스 디봇,청소기,앱 연동이 가끔 안 돼요. 불안정합니다.,2,2024-07-16,23
185,삼성 비스포크 에어컨,가전,에너지 효율이 좋아요. 전기세 절약됩니다.,5,2024-07-17,56
186,삼성 비스포크 에어컨,가전,설치비가 비싸요. 제품 외 추가 비용 많이 들어요.,3,2024-07-18,45
187,LG 휘센,가전,바람이 시원해요. 여름에 최고입니다!,5,2024-07-19,67
188,LG 휘센,가전,리모컨이 작아서 잃어버리기 쉬워요.,2,2024-07-20,34
189,다이슨 퓨어쿨,가전,공기청정+선풍기 겸용이라 좋아요.,5,2024-07-21,78
190,다이슨 퓨어쿨,가전,바람이 약해요. 더운 날엔 시원함이 부족해요.,2,2024-07-22,56
191,LG 올레드 C4,TV,OLED 화질에 가격도 착해요. 가성비 최고!,5,2024-07-23,89
192,LG 올레드 C4,TV,스탠드가 불안해요. 조금 흔들립니다.,3,2024-07-24,45
193,삼성 네오 QLED,TV,밝기가 정말 밝아요! 밝은 방에서도 잘 보여요.,5,2024-07-25,67
194,삼성 네오 QLED,TV,시야각이 좀 아쉬워요. 옆에서 보면 색 달라요.,3,2024-07-26,56
195,소니 브라비아,TV,안드로이드 TV라 앱 많아요. 넷플릭스 쾌적해요.,5,2024-07-27,78
196,소니 브라비아,TV,부팅이 느려요. 켜지는데 시간 걸립니다.,2,2024-07-28,45
197,TCL 미니 LED,TV,가격 대비 화질 좋아요. 놀랍습니다!,5,2024-07-29,56
198,TCL 미니 LED,TV,리모컨 반응이 느려요. 채널 바꾸는데 딜레이 있어요.,3,2024-07-30,34
199,하이센스 TV,TV,가성비 최고의 TV! 거실용으로 충분해요.,4,2024-07-31,45
200,하이센스 TV,TV,AS 걱정돼요. 국내 서비스가 부족합니다.,2,2024-08-01,67
201,삼성 갤럭시 탭 S9 FE,태블릿,가격 낮추고 기본기 챙겼어요. 학생 추천!,5,2024-08-02,56
202,삼성 갤럭시 탭 S9 FE,태블릿,성능이 좀 아쉬워요. 무거운 앱은 버벅여요.,3,2024-08-03,34
203,아이패드 에어,태블릿,가볍고 성능 좋아요. 일반 사용자에겐 이걸로 충분!,5,2024-08-04,78
204,아이패드 에어,태블릿,페이스 ID 없어요. 터치 ID는 불편해요.,3,2024-08-05,45
205,아이패드 미니,태블릿,한 손에 들어와서 좋아요. 휴대성 최고!,5,2024-08-06,67
206,아이패드 미니,태블릿,화면이 작아서 작업하긴 좀 힘들어요.,3,2024-08-07,34
207,화웨이 매트패드,태블릿,가성비 좋은 안드로이드 태블릿이에요.,4,2024-08-08,45
208,화웨이 매트패드,태블릿,구글 플레이 없어요. 앱 설치 불편합니다.,1,2024-08-09,89
209,레노버 탭,태블릿,영상 시청용으로 좋아요. 스피커도 괜찮아요.,4,2024-08-10,34
210,레노버 탭,태블릿,터치 반응이 조금 느려요. 불편할 때 있어요.,2,2024-08-11,23
211,삼성 갤럭시 워치 울트라,스마트워치,아웃도어 기능이 강화되었어요. 등산에 최고!,5,2024-08-12,78
212,삼성 갤럭시 워치 울트라,스마트워치,가격이 너무 비싸요. 애플 워치 울트라랑 비슷해요.,2,2024-08-13,56
213,가민 펜닉스 7,스마트워치,배터리가 몇 주 가요! 충전 안 해도 돼서 좋아요.,5,2024-08-14,89
214,가민 펜닉스 7,스마트워치,가격이 비싸요. 전문가 아니면 과투자에요.,3,2024-08-15,45
215,핏빗 센스,스마트워치,건강 관리 기능이 좋아요. 스트레스 측정도 돼요.,4,2024-08-16,56
216,핏빗 센스,스마트워치,구글 인수 후 앱이 바뀌었어요. 적응 필요해요.,2,2024-08-17,34
217,샤오미 미밴드 8,스마트밴드,이 가격에 이 기능이라니! 입문용으로 최고예요.,5,2024-08-18,67
218,샤오미 미밴드 8,스마트밴드,화면이 작아요. 정보 확인하기 어려울 때 있어요.,3,2024-08-19,34
219,화웨이 밴드 8,스마트밴드,수면 추적이 정확해요. 건강 관리에 도움돼요.,4,2024-08-20,45
220,화웨이 밴드 8,스마트밴드,앱 연동이 불편해요. 화웨이 앱 필수입니다.,2,2024-08-21,23
221,삼성 갤럭시 핏3,스마트밴드,삼성폰과 연동 좋아요. 알림도 잘 와요.,4,2024-08-22,56
222,삼성 갤럭시 핏3,스마트밴드,GPS 없어요. 운동 추적시 폰 필요합니다.,2,2024-08-23,34
223,오큘러스 퀘스트 3,VR기기,무선 VR 최고예요! 자유롭게 움직일 수 있어요.,5,2024-08-24,89
224,오큘러스 퀘스트 3,VR기기,어지러움 느끼는 사람 있어요. 멀미 주의하세요.,3,2024-08-25,56
225,피코 4,VR기기,가격 대비 성능 좋아요. 퀘스트보다 저렴해요.,4,2024-08-26,45
226,피코 4,VR기기,콘텐츠가 적어요. 퀘스트에 비해 게임 부족해요.,2,2024-08-27,34
227,플레이스테이션 VR2,VR기기,PS5와 연결해서 쓰면 최고예요! 그래픽 대박!,5,2024-08-28,78
228,플레이스테이션 VR2,VR기기,유선이라 좀 불편해요. 선에 걸릴 때 있어요.,3,2024-08-29,45
229,닌텐도 라보 VR,VR기기,아이들이 좋아해요! 만들기 키트라 교육적이에요.,4,2024-08-30,34
230,닌텐도 라보 VR,VR기기,화질이 낮아요. 본격 VR이라 보기 어려워요.,2,2024-08-31,23
231,삼성 기어 VR,VR기기,스마트폰으로 간단히 VR 경험할 수 있어요.,3,2024-09-01,34
232,삼성 기어 VR,VR기기,단종됐어요. 이제 지원 안 합니다.,1,2024-09-02,56
233,애플 비전 프로,VR기기,혁신적인 기기예요! 미래가 왔습니다.,5,2024-09-03,112
234,애플 비전 프로,VR기기,가격이 너무 비싸요. 일반인은 접근 어려워요.,2,2024-09-04,89
235,삼성 갤럭시 S24,스마트폰,카메라 줌 성능이 좋아요! 멀리 있는 것도 선명해요.,5,2024-09-05,67
236,삼성 갤럭시 S24,스마트폰,저장 용량이 아쉬워요. 128GB 기본은 부족해요.,3,2024-09-06,45
237,애플 아이폰 15,스마트폰,긴급 SOS 위성 통신 기능이 안심돼요.,4,2024-09-07,56
238,애플 아이폰 15,스마트폰,스크린 보호 필름 필수예요. 긁힘 주의하세요.,3,2024-09-08,34
239,LG 그램 17,노트북,장시간 배터리가 대박이에요! 하루 종일 써도 돼요.,5,2024-09-09,78
240,LG 그램 17,노트북,USB 포트가 부족해요. 허브 필요합니다.,3,2024-09-10,45
241,소니 WH-1000XM5,이어폰/헤드폰,30시간 배터리! 출장 가도 걱정 없어요.,5,2024-09-11,67
242,소니 WH-1000XM5,이어폰/헤드폰,터치 조작이 가끔 오작동해요. 민감합니다.,3,2024-09-12,34
243,에어팟 프로 2,이어폰/헤드폰,적응형 노캔이 스마트해요. 상황에 맞게 조절돼요.,5,2024-09-13,78
244,에어팟 프로 2,이어폰/헤드폰,안드로이드에선 기능 제한돼요. 아이폰 필수!,2,2024-09-14,56
245,다이슨 V15,청소기,바닥 종류 자동 감지해요! 똑똑한 청소기예요.,5,2024-09-15,67
246,다이슨 V15,청소기,부속품이 많아서 보관이 어려워요. 자리 차지해요.,3,2024-09-16,45
247,삼성 비스포크 냉장고,가전,푸드쇼케이스가 편해요. 자주 먹는 음식 바로 꺼낼 수 있어요.,5,2024-09-17,56
248,삼성 비스포크 냉장고,가전,설치 시 문 방향 확인 필수예요. 바꾸기 어려워요.,3,2024-09-18,34
249,LG 올레드 TV,TV,webOS가 편해요. 리모컨 하나로 모든 조작 가능!,5,2024-09-19,78
250,LG 올레드 TV,TV,광고가 늘었어요. 홈 화면에 추천 콘텐츠 많아요.,2,2024-09-20,56
251,샤오미 로봇청소기,청소기,자동 먼지 비움 기능이 너무 편해요!,5,2024-09-21,67
252,샤오미 로봇청소기,청소기,먼지통 용량이 작아요. 자주 비워줘야 해요.,3,2024-09-22,34
253,삼성 갤럭시 버즈3,이어폰/헤드폰,디자인이 세련됐어요. 예전보다 예뻐졌어요.,4,2024-09-23,45
254,삼성 갤럭시 버즈3,이어폰/헤드폰,이어팁 사이즈가 안 맞아요. 추가 구매했어요.,2,2024-09-24,23
255,애플 맥북 에어 M3,노트북,팬리스라 완전 조용해요. 카페에서 쓰기 좋아요.,5,2024-09-25,78
256,애플 맥북 에어 M3,노트북,웹캠 화질이 아쉬워요. 화상회의할 때 그저 그래요.,3,2024-09-26,45
257,삼성 갤럭시 탭 S9,태블릿,덱스 모드로 노트북처럼 써요. 생산성 좋아요!,5,2024-09-27,67
258,삼성 갤럭시 탭 S9,태블릿,키보드 케이스가 비싸요. 추가 비용 부담돼요.,3,2024-09-28,34
259,아이패드 프로 M4,태블릿,얇아져서 휴대성 좋아졌어요! 가방에 쏙!,5,2024-09-29,78
260,아이패드 프로 M4,태블릿,파이널 컷 같은 앱 별도 구매해야 해요. 비용 추가!,3,2024-09-30,45
261,보스 QC45,이어폰/헤드폰,음성 안내가 친절해요. 쓰기 편해요.,4,2024-10-01,34
262,보스 QC45,이어폰/헤드폰,유선 연결시 음질이 더 좋아요. 무선만 쓰면 아쉬워요.,3,2024-10-02,23
263,닌텐도 스위치 OLED,게임기,다양한 인디 게임 즐길 수 있어요. 게임 많아요.,5,2024-10-03,56
264,닌텐도 스위치 OLED,게임기,온라인 서비스가 빈약해요. 친구랑 하기 아쉬워요.,2,2024-10-04,45
265,플레이스테이션 5,게임기,듀얼센스 컨트롤러가 혁신적이에요! 촉각 피드백 최고!,5,2024-10-05,78
266,플레이스테이션 5,게임기,아직도 크기가 커요. 책장에 안 들어가요.,3,2024-10-06,56
267,삼성 갤럭시 워치 6,스마트워치,빅스비보다 구글 어시스턴트 쓸 수 있어서 좋아요.,4,2024-10-07,45
268,삼성 갤럭시 워치 6,스마트워치,스트랩 가격이 비싸요. 정품은 부담돼요.,2,2024-10-08,34
269,애플 워치 시리즈 9,스마트워치,더블탭 제스처가 신기해요! 손가락으로 조작 가능!,5,2024-10-09,67
270,애플 워치 시리즈 9,스마트워치,야간 모드가 너무 어두워요. 보기 힘들어요.,3,2024-10-10,45
271,샤오미 공기청정기,가전,넓은 방도 커버 가능해요. 청정 면적 넓어요.,5,2024-10-11,56
272,샤오미 공기청정기,가전,필터 정품 확인 어려워요. 가품 주의하세요.,2,2024-10-12,34
273,다이슨 에어랩,뷰티가전,다양한 스타일링 가능해요. 헤어샵 갈 필요 없어요!,5,2024-10-13,78
274,다이슨 에어랩,뷰티가전,어태치먼트 보관이 불편해요. 자리 많이 차지해요.,3,2024-10-14,45
275,필립스 전동칫솔,뷰티가전,압력 센서가 있어서 잇몸 보호돼요. 안전해요.,5,2024-10-15,56
276,필립스 전동칫솔,뷰티가전,충전대가 필요해요. 무선 충전 안 돼요.,2,2024-10-16,23
277,삼성 T7 SSD,저장장치,지문 인식 보안이 좋아요. 소중한 파일 안전해요.,5,2024-10-17,67
278,삼성 T7 SSD,저장장치,맥에서 포맷 다시 해야 해요. 처음에 귀찮아요.,3,2024-10-18,34
279,샌디스크 USB,저장장치,내구성이 좋아요. 떨어뜨려도 괜찮아요.,4,2024-10-19,45
280,샌디스크 USB,저장장치,용량 표시가 실제보다 적어요. 왜 그런지 모르겠어요.,2,2024-10-20,34
281,로지텍 MX Master 3,마우스/키보드,스크롤 휠이 부드러워요. 문서 작업시 편해요.,5,2024-10-21,56
282,로지텍 MX Master 3,마우스/키보드,색상 옵션이 적어요. 더 다양했으면 좋겠어요.,3,2024-10-22,23
283,레오폴드 키보드,마우스/키보드,PBT 키캡이라 번들거림 없어요. 오래 써도 깨끗해요.,5,2024-10-23,67
284,레오폴드 키보드,마우스/키보드,무선 버전이 없어요. 선 정리 필요해요.,3,2024-10-24,45
285,삼성 오디세이 G9,모니터,게임에서 화면이 감싸는 느낌이에요. 몰입감 대박!,5,2024-10-25,78
286,삼성 오디세이 G9,모니터,그래픽 카드 좋아야 해요. 사양 체크 필수!,3,2024-10-26,56
287,LG 27인치 모니터,모니터,IPS 패널이라 색감이 좋아요. 사진 편집에 좋아요.,4,2024-10-27,45
288,LG 27인치 모니터,모니터,HDR이 제한적이에요. 밝기가 부족해요.,3,2024-10-28,34
289,캐논 EOS R6,카메라,렌즈 호환이 좋아요. 기존 EF 렌즈도 사용 가능!,5,2024-10-29,67
290,캐논 EOS R6,카메라,터치스크린 반응이 조금 느려요. 버튼이 나아요.,3,2024-10-30,45
291,소니 A7 IV,카메라,리얼타임 AF가 대박이에요! 초점 안 놓쳐요.,5,2024-10-31,78
292,소니 A7 IV,카메라,그립이 좀 미끄러워요. 그립 보조기 필요해요.,3,2024-11-01,34
293,고프로 히어로 12,카메라,수직 촬영 모드가 생겼어요! 틱톡/릴스에 좋아요.,5,2024-11-02,56
294,고프로 히어로 12,카메라,마운트가 고프로 전용이에요. 호환 부품 찾기 어려워요.,2,2024-11-03,34
295,DJI 미니 4 프로,드론,장애물 회피 센서가 좋아요. 안전하게 비행!,5,2024-11-04,67
296,DJI 미니 4 프로,드론,비행 시간이 생각보다 짧아요. 배터리 2-3개 필요!,3,2024-11-05,45
297,삼성 갤럭시 S24,스마트폰,화면 밝기가 밝아요! 야외에서도 잘 보여요.,5,2024-11-06,56
298,삼성 갤럭시 S24,스마트폰,번들 충전기가 없어요. 따로 사야 해서 아쉬워요.,2,2024-11-07,78
299,애플 아이폰 15,스마트폰,아이메시지가 편해요! 아이폰 친구들과 연락하기 좋아요.,4,2024-11-08,45
300,애플 아이폰 15,스마트폰,안드로이드에서 넘어오니 적응이 어려워요. 불편해요.,2,2024-11-09,56
301,LG 그램 17,노트북,MIL-STD 인증이라 내구성 좋아요. 튼튼해요!,5,2024-11-10,67
302,LG 그램 17,노트북,스피커 성능이 아쉬워요. 이어폰 필수에요.,3,2024-11-11,34
303,소니 WH-1000XM5,이어폰/헤드폰,LDAC 지원해서 고음질 음악 즐길 수 있어요!,5,2024-11-12,78
304,소니 WH-1000XM5,이어폰/헤드폰,aptX 없어요. 일부 기기와 호환 아쉬워요.,3,2024-11-13,45
305,에어팟 프로 2,이어폰/헤드폰,찾기 기능 덕분에 잃어버려도 찾을 수 있어요!,5,2024-11-14,56
306,에어팟 프로 2,이어폰/헤드폰,가격이 계속 올라요. 부담스러워요.,2,2024-11-15,67
307,다이슨 V15,청소기,LED 화면에 정보 표시돼요. 먼지량 확인 가능!,5,2024-11-16,45
308,다이슨 V15,청소기,필터 세척이 번거로워요. 말리는데 시간 걸려요.,3,2024-11-17,34
309,삼성 비스포크 냉장고,가전,모듈형이라 패널 색상 바꿀 수 있어요. 인테리어에 맞춰요!,5,2024-11-18,67
310,삼성 비스포크 냉장고,가전,IoT 기능 설정이 복잡해요. 앱 연동 어려워요.,2,2024-11-19,45
311,LG 올레드 TV,TV,벽걸이로 설치하면 깔끔해요. 인테리어 살아요!,5,2024-11-20,78
312,LG 올레드 TV,TV,벽걸이 설치비가 비싸요. 추가 비용 많이 들어요.,3,2024-11-21,56
313,샤오미 로봇청소기,청소기,예약 청소 설정이 편해요. 외출 중에 청소 끝!,5,2024-11-22,45
314,샤오미 로봇청소기,청소기,카펫 인식이 가끔 안 돼요. 물걸레로 젖을 때 있어요.,2,2024-11-23,34
315,삼성 갤럭시 버즈3,이어폰/헤드폰,삼성폰과 팝업 연결이 편해요! 바로 연결돼요.,5,2024-11-24,56
316,삼성 갤럭시 버즈3,이어폰/헤드폰,통화 중 주변 소리가 새요. 조용한 곳에서만 통화해야 해요.,2,2024-11-25,34
317,애플 맥북 에어 M3,노트북,유니버설 클립보드가 편해요. 아이폰에서 복사해서 맥에 붙여넣기!,5,2024-11-26,67
318,애플 맥북 에어 M3,노트북,저장 용량 업그레이드 비용이 비싸요. 기본 256GB는 부족해요.,3,2024-11-27,56
319,삼성 갤럭시 탭 S9,태블릿,방수 방진이라 안심이에요. 욕실에서도 사용 가능!,5,2024-11-28,45
320,삼성 갤럭시 탭 S9,태블릿,업데이트가 좀 느려요. 삼성 빨리 지원해주세요.,2,2024-11-29,34
321,아이패드 프로 M4,태블릿,스테이지 매니저로 멀티태스킹 편해요! 생산성 UP!,5,2024-11-30,78
322,아이패드 프로 M4,태블릿,아이패드OS 한계가 있어요. 맥OS 올려주세요.,3,2024-12-01,67
323,보스 QC45,이어폰/헤드폰,이퀄라이저 앱에서 조절 가능해요. 원하는 소리로!,4,2024-12-02,45
324,보스 QC45,이어폰/헤드폰,배터리 잔량 확인이 앱에서만 돼요. 기기에서 보고 싶어요.,2,2024-12-03,23
325,닌텐도 스위치 OLED,게임기,가족 멤버십이 있어서 온라인 게임 같이 즐겨요!,5,2024-12-04,56
326,닌텐도 스위치 OLED,게임기,클라우드 세이브가 일부 게임만 돼요. 불편해요.,2,2024-12-05,45
327,플레이스테이션 5,게임기,플러스 서비스로 게임 많이 즐겨요! 가성비 좋아요.,5,2024-12-06,67
328,플레이스테이션 5,게임기,게임 다운로드가 오래 걸려요. 용량이 크네요.,3,2024-12-07,34
329,삼성 갤럭시 워치 6,스마트워치,체성분 측정이 신기해요! 체지방 확인 가능!,5,2024-12-08,56
330,삼성 갤럭시 워치 6,스마트워치,손목이 가는 사람에겐 좀 커요. 44mm는 크네요.,3,2024-12-09,34
331,애플 워치 시리즈 9,스마트워치,낙상 감지가 있어서 노인분께 좋아요. 안전해요!,5,2024-12-10,78
332,애플 워치 시리즈 9,스마트워치,커스텀 워치페이스가 제한적이에요. 더 다양했으면!,3,2024-12-11,45
333,샤오미 공기청정기,가전,미세먼지 수치 LED로 바로 확인 가능해요!,5,2024-12-12,56
334,샤오미 공기청정기,가전,최대 출력시 소음이 커요. 밤에는 못 써요.,2,2024-12-13,34
335,다이슨 에어랩,뷰티가전,유튜브 보고 따라하면 쉬워요! 처음엔 영상 보세요.,4,2024-12-14,45
336,다이슨 에어랩,뷰티가전,짧은 머리엔 효과가 덜해요. 긴 머리 추천!,3,2024-12-15,34
337,필립스 전동칫솔,뷰티가전,타이머가 있어서 2분 양치 가능해요. 습관 형성에 좋아요.,5,2024-12-16,56
338,필립스 전동칫솔,뷰티가전,진동 패턴이 단순해요. 더 다양했으면 좋겠어요.,3,2024-12-17,23
339,삼성 T7 SSD,저장장치,USB-C 케이블 포함이라 바로 사용 가능해요!,4,2024-12-18,34
340,삼성 T7 SSD,저장장치,케이블이 짧아요. 더 길었으면 편할텐데.,2,2024-12-19,23
341,샌디스크 USB,저장장치,메탈 바디라 튼튼해요. 오래 사용 가능해요.,4,2024-12-20,45
342,샌디스크 USB,저장장치,발열이 좀 있어요. 장시간 사용시 뜨거워요.,3,2024-12-21,34
343,로지텍 MX Master 3,마우스/키보드,플로우 기능으로 맥/윈도우 오가기 편해요!,5,2024-12-22,67
344,로지텍 MX Master 3,마우스/키보드,충전 포트 위치가 아래라 충전하면서 못 써요.,2,2024-12-23,45
345,레오폴드 키보드,마우스/키보드,조용한 적축이라 사무실에서 쓰기 좋아요.,5,2024-12-24,56
346,레오폴드 키보드,마우스/키보드,RGB 없어서 심심해요. 조명 좋아하는 사람에겐 아쉬워요.,3,2024-12-25,23
347,삼성 오디세이 G9,모니터,HDR 1000으로 밝기가 대박이에요! 영화 볼 때 좋아요.,5,2024-12-26,78
348,삼성 오디세이 G9,모니터,팬 소음이 있어요. 조용한 환경에선 들려요.,3,2024-12-27,45
349,LG 27인치 모니터,모니터,USB-C 원케이블 연결 가능해요! 깔끔해요.,5,2024-12-28,56
350,LG 27인치 모니터,모니터,메뉴 조작이 불편해요. 조이스틱 버튼이 답답해요.,2,2024-12-29,34
351,캐논 EOS R6,카메라,듀얼 SD 카드 슬롯이 좋아요! 백업이 가능해요.,5,2024-12-30,67
352,캐논 EOS R6,카메라,바디만 구매하면 비싸요. 렌즈 포함이면 좋겠어요.,3,2024-12-31,45
353,소니 A7 IV,카메라,10비트 4:2:2 지원으로 컬러 그레이딩 자유로워요!,5,2025-01-01,78
354,소니 A7 IV,카메라,CFexpress 카드가 비싸요. SD카드도 되지만 속도 차이 나요.,3,2025-01-02,56
355,고프로 히어로 12,카메라,앱으로 원격 조작 가능해요! 셀프 촬영 편해요.,5,2025-01-03,45
356,고프로 히어로 12,카메라,배터리 교체가 번거로워요. 케이스 열어야 해요.,2,2025-01-04,34
357,DJI 미니 4 프로,드론,4K 60fps 촬영 가능해요! 영상 퀄리티 좋아요.,5,2025-01-05,67
358,DJI 미니 4 프로,드론,RC 조종기 별매예요. 폰만으로는 불편해요.,3,2025-01-06,45
359,삼성 갤럭시 S24,스마트폰,서클 투 서치가 편해요! 화면에서 바로 검색!,5,2025-01-07,78
360,삼성 갤럭시 S24,스마트폰,AI 기능 일부가 클라우드 의존이에요. 인터넷 필요해요.,3,2025-01-08,56
361,애플 아이폰 15,스마트폰,에어드랍으로 파일 공유 빨라요! 아이폰끼리 최고!,5,2025-01-09,67
362,애플 아이폰 15,스마트폰,설정 메뉴가 복잡해요. 원하는 옵션 찾기 어려워요.,2,2025-01-10,45
363,LG 그램 17,노트북,썬더볼트 4 지원으로 확장성 좋아요!,5,2025-01-11,56
364,LG 그램 17,노트북,그램 전용 파우치가 비싸요. 서드파티 사용해요.,2,2025-01-12,23
365,소니 WH-1000XM5,이어폰/헤드폰,빠른 충전으로 3분에 3시간 청취 가능!,5,2025-01-13,78
366,소니 WH-1000XM5,이어폰/헤드폰,이어패드 교체가 어려워요. 자가수리 힘들어요.,3,2025-01-14,45
367,에어팟 프로 2,이어폰/헤드폰,공간 음향으로 영화 볼 때 극장 같아요!,5,2025-01-15,67
368,에어팟 프로 2,이어폰/헤드폰,충전 케이스가 잘 긁혀요. 케이스 커버 필수!,2,2025-01-16,34
369,다이슨 V15,청소기,전체 집 청소 1회분 충전으로 가능해요!,5,2025-01-17,56
370,다이슨 V15,청소기,벽걸이 거치대 설치가 귀찮아요. 타공 필요해요.,3,2025-01-18,45
371,삼성 비스포크 냉장고,가전,정수기 일체형이라 공간 절약돼요!,5,2025-01-19,78
372,삼성 비스포크 냉장고,가전,필터 비용이 비싸요. 정기적으로 교체해야 해요.,2,2025-01-20,56
373,LG 올레드 TV,TV,돌비 비전으로 영화 퀄리티가 달라요! 몰입감!,5,2025-01-21,67
374,LG 올레드 TV,TV,밝은 방에서는 반사가 있어요. 암막 커튼 필요해요.,3,2025-01-22,45
375,샤오미 로봇청소기,청소기,장애물 회피가 똑똑해요! 가구 안 부딪혀요.,5,2025-01-23,56
376,샤오미 로봇청소기,청소기,한글 음성 안내가 없어요. 중국어/영어만 돼요.,2,2025-01-24,34
377,삼성 갤럭시 버즈3,이어폰/헤드폰,360 오디오로 몰입감 있어요! 게임할 때 좋아요.,5,2025-01-25,67
378,삼성 갤럭시 버즈3,이어폰/헤드폰,땀에 약해요. 운동할 때 주의 필요해요.,2,2025-01-26,45
379,애플 맥북 에어 M3,노트북,호버텍스트로 작은 글씨 확대돼요. 시력 보호!,4,2025-01-27,34
380,애플 맥북 에어 M3,노트북,터치스크린 없어요. 아이패드처럼 쓰고 싶은데 아쉬워요.,3,2025-01-28,56
381,삼성 갤럭시 탭 S9,태블릿,AMOLED 화면이라 색감이 진하고 예뻐요!,5,2025-01-29,67
382,삼성 갤럭시 탭 S9,태블릿,동영상 인코딩이 느려요. 영상 편집에는 부족해요.,2,2025-01-30,34
383,아이패드 프로 M4,태블릿,나노 텍스처 옵션으로 반사 없어요! 야외에서도 OK!,5,2025-01-31,78
384,아이패드 프로 M4,태블릿,나노 텍스처 추가 비용이 비싸요. 20만원 넘어요.,3,2025-02-01,56
385,삼성 갤럭시 S24,스마트폰,원 UI 7이 깔끔해요! 직관적인 인터페이스!,5,2025-02-02,67
386,삼성 갤럭시 S24,스마트폰,블로트웨어가 많아요. 삭제 안 되는 앱 있어요.,2,2025-02-03,45
387,애플 아이폰 15,스마트폰,라이트닝에서 USB-C로 바뀌어서 너무 좋아요!,5,2025-02-04,89
388,애플 아이폰 15,스마트폰,60Hz 화면이에요. 경쟁사는 120Hz인데 아쉬워요.,2,2025-02-05,67
389,LG 그램 17,노트북,무게가 정말 가벼워요! 한 손으로 들 수 있어요.,5,2025-02-06,78
390,LG 그램 17,노트북,SSD 교체가 까다로워요. AS 맡겨야 해요.,2,2025-02-07,45
391,소니 WH-1000XM5,이어폰/헤드폰,주변 소리 모드가 자연스러워요. 대화하기 좋아요!,5,2025-02-08,56
392,소니 WH-1000XM5,이어폰/헤드폰,머리 큰 사람에겐 착용감이 빡빡해요. 조절 안 돼요.,3,2025-02-09,34
393,에어팟 프로 2,이어폰/헤드폰,정품 등록하면 분실 보호 있어요! 찾기 쉬워요.,5,2025-02-10,67
394,에어팟 프로 2,이어폰/헤드폰,호환 이어팁이 많이 없어요. 정품만 써야 해요.,2,2025-02-11,34
395,다이슨 V15,청소기,스틱 청소기 중 최고예요! 다이슨 믿고 삽니다.,5,2025-02-12,89
396,다이슨 V15,청소기,가격 인상이 너무 심해요. 처음보다 많이 올랐어요.,2,2025-02-13,67
397,삼성 비스포크 냉장고,가전,4도어라서 수납 구분이 잘 돼요! 정리하기 좋아요.,5,2025-02-14,56
398,삼성 비스포크 냉장고,가전,깊이가 깊어서 안쪽 음식 잊어버리기 쉬워요.,3,2025-02-15,34
399,LG 올레드 TV,TV,AI 업스케일링이 좋아요! 저화질도 선명해져요.,5,2025-02-16,78
400,LG 올레드 TV,TV,마법 리모컨 건전지가 빨리 닳아요. 자주 교체해요.,2,2025-02-17,45
401,샤오미 로봇청소기,청소기,다중 층 매핑이 돼요! 2층 집도 OK!,5,2025-02-18,67
402,샤오미 로봇청소기,청소기,앱이 중국어 우선이에요. 한글 번역이 어색해요.,2,2025-02-19,34
403,삼성 갤럭시 버즈3,이어폰/헤드폰,AI 노이즈캔슬링이 스마트해요! 소리에 맞게 조절!,5,2025-02-20,56
404,삼성 갤럭시 버즈3,이어폰/헤드폰,멀티포인트가 불안정해요. 가끔 연결 끊겨요.,2,2025-02-21,34
405,애플 맥북 에어 M3,노트북,미드나잇 색상이 예뻐요! 지문 방지 코팅도 좋아요.,5,2025-02-22,78
406,애플 맥북 에어 M3,노트북,MagSafe가 약간 느슨해요. 쉽게 빠져요.,3,2025-02-23,45
407,삼성 갤럭시 탭 S9,태블릿,IP68 방수라 비 와도 안심! 아웃도어에서도 사용!,5,2025-02-24,56
408,삼성 갤럭시 탭 S9,태블릿,스피커 위치가 가로 모드 기준이에요. 세로로 보면 아쉬워요.,3,2025-02-25,23
409,삼성 갤럭시 S24,스마트폰,카메라 나이트그래피가 좋아요! 야간 촬영 대박!,5,2025-02-26,67
410,삼성 갤럭시 S24,스마트폰,밴드 호환 확인 필요해요. 일부 통신사 제한 있어요.,2,2025-02-27,34
411,애플 아이폰 15,스마트폰,포커스 모드로 집중력 높여요! 방해 차단!,5,2025-02-28,56
412,애플 아이폰 15,스마트폰,배경화면 설정이 복잡해요. 더 쉬웠으면 좋겠어요.,2,2025-03-01,34
413,LG 그램 17,노트북,인텔 Evo 인증이라 성능 보장돼요!,5,2025-03-02,67
414,LG 그램 17,노트북,지문 인식이 가끔 안 돼요. 재시도 필요해요.,3,2025-03-03,45
415,소니 WH-1000XM5,이어폰/헤드폰,소니 360 리얼리티 오디오가 대박이에요!,5,2025-03-04,78
416,소니 WH-1000XM5,이어폰/헤드폰,유선 케이블이 짧아요. 더 길었으면 해요.,2,2025-03-05,23
417,에어팟 프로 2,이어폰/헤드폰,H2 칩이라 연결이 빠르고 안정적이에요!,5,2025-03-06,56
418,에어팟 프로 2,이어폰/헤드폰,3.5mm 잭 지원 안 해요. 비행기에서 불편해요.,2,2025-03-07,45
419,다이슨 V15,청소기,모터바 브러시가 얽힘 방지돼요! 머리카락 안 감겨요.,5,2025-03-08,67
420,다이슨 V15,청소기,정품 부품 구하기 어려워요. 호환 부품 많이 써요.,2,2025-03-09,34
421,삼성 비스포크 냉장고,가전,스마트싱스로 외출중에도 온도 확인 가능해요!,5,2025-03-10,56
422,삼성 비스포크 냉장고,가전,앱 업데이트가 잦아요. 자주 바뀌어서 적응 필요해요.,2,2025-03-11,23
423,LG 올레드 TV,TV,120Hz라서 스포츠 경기 볼 때 부드러워요!,5,2025-03-12,78
424,LG 올레드 TV,TV,OLED 수명이 걱정돼요. 몇 년 쓸 수 있을지..,3,2025-03-13,67
425,삼성 갤럭시 S24,스마트폰,갤럭시 AI가 진짜 유용해요! 생산성이 올라가요.,5,2025-03-14,89
426,삼성 갤럭시 S24,스마트폰,AI 기능 중 일부가 아직 불안정해요. 개선 필요해요.,3,2025-03-15,56
427,애플 아이폰 15,스마트폰,페이스ID 인식 속도가 빨라요! 순간 해제!,5,2025-03-16,67
428,애플 아이폰 15,스마트폰,마스크 쓰면 가끔 인식 안 돼요. 불편할 때 있어요.,2,2025-03-17,45
429,LG 그램 17,노트북,PDF 읽기에 화면 크기가 딱이에요! 문서 작업 편해요.,5,2025-03-18,56
430,LG 그램 17,노트북,웹캠 위치가 화면 아래라 각도가 안 좋아요. 코털 보여요.,2,2025-03-19,78
431,소니 WH-1000XM5,이어폰/헤드폰,접이식 안 되는 게 휴대성에선 아쉽지만 편안함은 좋아요.,4,2025-03-20,45
432,소니 WH-1000XM5,이어폰/헤드폰,가죽 이어패드가 여름에 땀이 차요. 통기성 부족해요.,3,2025-03-21,34
433,에어팟 프로 2,이어폰/헤드폰,적응형 EQ로 내 귀에 맞는 소리가 나와요!,5,2025-03-22,67
434,에어팟 프로 2,이어폰/헤드폰,펌웨어 업데이트 후 가끔 버그 있어요. 수정해주세요.,2,2025-03-23,45
435,다이슨 V15,청소기,무게 밸런스가 좋아요! 손목 덜 아파요.,5,2025-03-24,56
436,다이슨 V15,청소기,색상 옵션이 적어요. 더 다양했으면 좋겠어요.,2,2025-03-25,23
437,삼성 비스포크 냉장고,가전,음성으로 냉장고 조작 가능해요! 손 바쁠 때 편해요.,5,2025-03-26,67
438,삼성 비스포크 냉장고,가전,빅스비가 한글 인식을 잘 못해요. 발음 정확해야 해요.,2,2025-03-27,45
439,LG 올레드 TV,TV,시네마틱 사운드로 TV 스피커가 좋아요!,5,2025-03-28,78
440,LG 올레드 TV,TV,사운드바 없으면 음질이 아쉬워요. 추가 구매 권장해요.,3,2025-03-29,56
441,삼성 갤럭시 S24,스마트폰,삼성페이가 편해요! 어디서나 결제 가능!,5,2025-03-30,67
442,삼성 갤럭시 S24,스마트폰,삼성 계정 필수라 번거로워요. 구글 계정만 쓰고 싶어요.,2,2025-03-31,34
443,애플 아이폰 15,스마트폰,사진 라이브러리가 클라우드와 잘 연동돼요!,5,2025-04-01,56
444,애플 아이폰 15,스마트폰,iCloud 무료 용량이 5GB뿐이에요. 너무 적어요.,2,2025-04-02,78
445,삼성 갤럭시 버즈3,이어폰/헤드폰,실시간 번역이 가능해요! 해외여행 필수템!,5,2025-04-03,89
446,삼성 갤럭시 버즈3,이어폰/헤드폰,번역 정확도가 아직 부족해요. 오역이 있어요.,3,2025-04-04,56
447,애플 맥북 에어 M3,노트북,배터리 18시간 간다더니 진짜예요! 충전기 안 들고 다녀요.,5,2025-04-05,78
448,애플 맥북 에어 M3,노트북,RAM 8GB 기본은 부족해요. 16GB 업그레이드 필수!,3,2025-04-06,67
449,삼성 갤럭시 탭 S9,태블릿,원노트 필기가 부드러워요! 강의 필기에 최고!,5,2025-04-07,56
450,삼성 갤럭시 탭 S9,태블릿,S펜 분실하기 쉬워요. 자석 부착력이 약해요.,2,2025-04-08,45
451,아이패드 프로 M4,태블릿,프로크리에이트로 그림 그리기 최고예요!,5,2025-04-09,78
452,아이패드 프로 M4,태블릿,프로 앱들이 구독제라 비용이 계속 들어요.,3,2025-04-10,56
453,삼성 갤럭시 S24,스마트폰,5000mAh 배터리로 하루 종일 사용 가능해요!,5,2025-04-11,67
454,삼성 갤럭시 S24,스마트폰,무선충전이 느려요. 유선이 훨씬 빠릅니다.,2,2025-04-12,34
455,애플 아이폰 15,스마트폰,액션 버튼 커스터마이징이 편해요! 자주 쓰는 기능 등록!,5,2025-04-13,78
456,애플 아이폰 15,스마트폰,음량 버튼이 작아서 누르기 어려워요. 케이스 끼면 더 힘들어요.,2,2025-04-14,45
457,LG 그램 17,노트북,HDMI 포트가 있어서 외부 모니터 연결 편해요!,5,2025-04-15,56
458,LG 그램 17,노트북,SD카드 슬롯이 없어요. 리더기 따로 필요해요.,2,2025-04-16,34
459,소니 WH-1000XM5,이어폰/헤드폰,음질이 전작보다 좋아졌어요! 업그레이드 추천!,5,2025-04-17,78
460,소니 WH-1000XM5,이어폰/헤드폰,노캔 강도 조절이 소니 앱에서만 돼요. 불편해요.,2,2025-04-18,34
461,에어팟 프로 2,이어폰/헤드폰,볼륨 조절이 케이스 스와이프로 가능해요!,5,2025-04-19,56
462,에어팟 프로 2,이어폰/헤드폰,스와이프 조작이 가끔 오작동해요. 민감해요.,2,2025-04-20,34
463,다이슨 V15,청소기,틈새 청소 노즐이 좋아요! 구석구석 깨끗!,5,2025-04-21,67
464,다이슨 V15,청소기,노즐 교체가 번거로워요. 청소 중간에 바꿔야 해요.,3,2025-04-22,45
465,삼성 비스포크 냉장고,가전,쿨링 커버로 음식 빨리 식혀요! 요리에 편리!,5,2025-04-23,56
466,삼성 비스포크 냉장고,가전,전체 크기가 커서 공간 필요해요. 작은 주방은 어려워요.,2,2025-04-24,45
467,LG 올레드 TV,TV,매직 리모컨 제스처 조작이 편해요! 손가락으로 가리키기만!,5,2025-04-25,78
468,LG 올레드 TV,TV,제스처 인식이 가끔 안 돼요. 정확히 가리켜야 해요.,2,2025-04-26,34
469,삼성 갤럭시 S24,스마트폰,즉시 녹음 텍스트 변환이 돼요! 회의록 자동 작성!,5,2025-04-27,89
470,삼성 갤럭시 S24,스마트폰,녹음 파일이 클라우드에 업로드돼서 개인정보 걱정돼요.,3,2025-04-28,56
471,애플 아이폰 15,스마트폰,앱 클립으로 설치 없이 앱 사용 가능해요!,4,2025-04-29,45
472,애플 아이폰 15,스마트폰,앱 클립 지원하는 앱이 많지 않아요. 확대 필요해요.,2,2025-04-30,34
473,삼성 갤럭시 버즈3,이어폰/헤드폰,귀 감지 센서가 정확해요! 빼면 자동 일시정지!,5,2025-05-01,56
474,삼성 갤럭시 버즈3,이어폰/헤드폰,귀걸이 착용하면 센서 오작동해요. 귀걸이 빼야 해요.,2,2025-05-02,34
475,애플 맥북 에어 M3,노트북,화면 노치가 있어요. 익숙해지면 괜찮지만 처음엔 거슬려요.,3,2025-05-03,56
476,애플 맥북 에어 M3,노트북,M3 칩 성능이 대박이에요! 영상 편집도 거뜬!,5,2025-05-04,78
477,삼성 갤럭시 탭 S9,태블릿,120Hz 화면이라 스크롤이 부드러워요!,5,2025-05-05,67
478,삼성 갤럭시 탭 S9,태블릿,얼굴 인식이 2D라 보안 약해요. 지문 추천해요.,2,2025-05-06,45
479,아이패드 프로 M4,태블릿,Face ID가 편해요! 잠금 해제 빠르고 정확해요.,5,2025-05-07,78
480,아이패드 프로 M4,태블릿,가로 모드에서만 Face ID 돼요. 세로로 들면 안 돼요.,2,2025-05-08,56
481,삼성 갤럭시 S24,스마트폰,라이브 번역으로 전화 통역이 돼요! 외국인과 소통 가능!,5,2025-05-09,89
482,삼성 갤럭시 S24,스마트폰,라이브 번역 속도가 좀 느려요. 자연스러운 대화 어려워요.,3,2025-05-10,67
483,애플 아이폰 15,스마트폰,iOS 생태계가 안정적이에요! 앱 크래시 거의 없어요.,5,2025-05-11,78
484,애플 아이폰 15,스마트폰,기본 앱 삭제가 안 돼요. 안 쓰는 앱 정리 안 되서 답답해요.,2,2025-05-12,56
485,LG 그램 17,노트북,팬 소음이 작아요! 도서관에서도 사용 가능!,5,2025-05-13,67
486,LG 그램 17,노트북,고성능 작업시 팬 돌아가면 좀 시끄러워요.,3,2025-05-14,45
487,소니 WH-1000XM5,이어폰/헤드폰,자동 일시정지가 편해요! 벗으면 자동 정지!,5,2025-05-15,56
488,소니 WH-1000XM5,이어폰/헤드폰,고개 숙이면 가끔 일시정지돼요. 센서가 민감해요.,2,2025-05-16,34
489,에어팟 프로 2,이어폰/헤드폰,대화 감지로 볼륨 자동 낮춰져요! 똑똑해요.,5,2025-05-17,78
490,에어팟 프로 2,이어폰/헤드폰,대화 감지가 너무 민감해요. 혼잣말에도 반응해요.,2,2025-05-18,45
491,다이슨 V15,청소기,무선 자유가 최고예요! 선 없이 구석구석!,5,2025-05-19,67
492,다이슨 V15,청소기,청소 끝나면 바로 충전대에 올려야 해요. 세워두기 어려워요.,2,2025-05-20,34
493,삼성 비스포크 냉장고,가전,패밀리허브 화면으로 메모 남기기 가능해요!,5,2025-05-21,56
494,삼성 비스포크 냉장고,가전,패밀리허브가 있으면 가격이 많이 올라가요.,3,2025-05-22,45
495,LG 올레드 TV,TV,HDMI 2.1로 PS5 완벽 호환! 게이머 필수!,5,2025-05-23,89
496,LG 올레드 TV,TV,HDMI 포트가 4개뿐이에요. 기기 많으면 부족해요.,2,2025-05-24,56
497,삼성 갤럭시 S24,스마트폰,전체적으로 균형 잡힌 좋은 폰이에요! 추천합니다.,5,2025-05-25,78
498,삼성 갤럭시 S24,스마트폰,전작 대비 변화가 적어요. 업그레이드 가치 고민돼요.,3,2025-05-26,56
499,애플 아이폰 15,스마트폰,오래 써도 버벅임 없어요! 안정적인 성능!,5,2025-05-27,67
500,애플 아이폰 15,스마트폰,수리비가 비싸요. 액정 깨지면 큰 돈 들어요.,2,2025-05-28,89
501,다이슨 V15,청소기,종합적으로 최고의 무선 청소기예요! 강력 추천!,5,2025-05-29,78
502,다이슨 V15,청소기,결국 가격이 걸려요. 좋은 건 알지만 비싸요.,3,2025-05-30,67
503,삼성 비스포크 냉장고,가전,디자인+기능 다 갖췄어요! 만족스럽습니다.,5,2025-05-31,89
504,LG 올레드 TV,TV,OLED는 역시 LG예요! 화질 최고입니다.,5,2025-06-01,112
505,소니 WH-1000XM5,이어폰/헤드폰,노캔 헤드폰의 정석이에요! 다들 사세요.,5,2025-06-02,97
